"Status","Start Time","Stop Time","Duration in ms","Parent Suite","Suite","Sub Suite","Test Class","Test Method","Name","Description"
"passed","Fri Jun 28 00:01:17 EDT 2024","Fri Jun 28 00:01:17 EDT 2024","392","Suite","Test","TestRunner.TestNGRunner","TestRunner.TestNGRunner","runScenario","Runs Cucumber Scenarios",""
"passed","Fri Jun 28 00:01:46 EDT 2024","Fri Jun 28 00:01:47 EDT 2024","1087","Suite","Test","TestRunner.TestNGRunner","TestRunner.TestNGRunner","runScenario","Runs Cucumber Scenarios",""
"passed","Fri Jun 28 00:02:41 EDT 2024","Fri Jun 28 00:02:41 EDT 2024","156","Suite","Test","TestRunner.TestNGRunner","TestRunner.TestNGRunner","runScenario","Runs Cucumber Scenarios",""
"passed","Fri Jun 28 00:02:11 EDT 2024","Fri Jun 28 00:02:13 EDT 2024","1600","Suite","Test","TestRunner.TestNGRunner","TestRunner.TestNGRunner","runScenario","Runs Cucumber Scenarios",""
"passed","Fri Jun 28 00:04:10 EDT 2024","Fri Jun 28 00:04:10 EDT 2024","684","Suite","Test","TestRunner.TestNGRunner","TestRunner.TestNGRunner","runScenario","Runs Cucumber Scenarios",""
"passed","Fri Jun 28 00:01:52 EDT 2024","Fri Jun 28 00:01:53 EDT 2024","192","Suite","Test","TestRunner.TestNGRunner","TestRunner.TestNGRunner","runScenario","Runs Cucumber Scenarios",""
"passed","Fri Jun 28 00:03:25 EDT 2024","Fri Jun 28 00:03:25 EDT 2024","717","Suite","Test","TestRunner.TestNGRunner","TestRunner.TestNGRunner","runScenario","Runs Cucumber Scenarios",""
"passed","Fri Jun 28 00:04:36 EDT 2024","Fri Jun 28 00:04:36 EDT 2024","525","Suite","Test","TestRunner.TestNGRunner","TestRunner.TestNGRunner","runScenario","Runs Cucumber Scenarios",""
"passed","Fri Jun 28 00:04:32 EDT 2024","Fri Jun 28 00:04:35 EDT 2024","3343","Suite","Test","TestRunner.TestNGRunner","TestRunner.TestNGRunner","runScenario","Runs Cucumber Scenarios",""
"passed","Fri Jun 28 00:01:39 EDT 2024","Fri Jun 28 00:01:41 EDT 2024","2149","Suite","Test","TestRunner.TestNGRunner","TestRunner.TestNGRunner","runScenario","Runs Cucumber Scenarios",""
"passed","Fri Jun 28 00:01:41 EDT 2024","Fri Jun 28 00:01:46 EDT 2024","4287","Suite","Test","TestRunner.TestNGRunner","TestRunner.TestNGRunner","runScenario","Runs Cucumber Scenarios",""
"passed","Fri Jun 28 00:04:36 EDT 2024","Fri Jun 28 00:04:39 EDT 2024","2540","Suite","Test","TestRunner.TestNGRunner","TestRunner.TestNGRunner","runScenario","Runs Cucumber Scenarios",""
"passed","Fri Jun 28 00:01:12 EDT 2024","Fri Jun 28 00:01:14 EDT 2024","1922","Suite","Test","TestRunner.TestNGRunner","TestRunner.TestNGRunner","runScenario","Runs Cucumber Scenarios",""
"passed","Fri Jun 28 00:03:21 EDT 2024","Fri Jun 28 00:03:25 EDT 2024","3906","Suite","Test","TestRunner.TestNGRunner","TestRunner.TestNGRunner","runScenario","Runs Cucumber Scenarios",""
"passed","Fri Jun 28 00:04:10 EDT 2024","Fri Jun 28 00:04:10 EDT 2024","172","Suite","Test","TestRunner.TestNGRunner","TestRunner.TestNGRunner","runScenario","Runs Cucumber Scenarios",""
"passed","Fri Jun 28 00:04:22 EDT 2024","Fri Jun 28 00:04:23 EDT 2024","936","Suite","Test","TestRunner.TestNGRunner","TestRunner.TestNGRunner","runScenario","Runs Cucumber Scenarios",""
"passed","Fri Jun 28 00:01:37 EDT 2024","Fri Jun 28 00:01:39 EDT 2024","2173","Suite","Test","TestRunner.TestNGRunner","TestRunner.TestNGRunner","runScenario","Runs Cucumber Scenarios",""
"passed","Fri Jun 28 00:04:03 EDT 2024","Fri Jun 28 00:04:10 EDT 2024","6259","Suite","Test","TestRunner.TestNGRunner","TestRunner.TestNGRunner","runScenario","Runs Cucumber Scenarios",""
"passed","Fri Jun 28 00:03:52 EDT 2024","Fri Jun 28 00:03:54 EDT 2024","1423","Suite","Test","TestRunner.TestNGRunner","TestRunner.TestNGRunner","runScenario","Runs Cucumber Scenarios",""
"passed","Fri Jun 28 00:01:53 EDT 2024","Fri Jun 28 00:01:53 EDT 2024","727","Suite","Test","TestRunner.TestNGRunner","TestRunner.TestNGRunner","runScenario","Runs Cucumber Scenarios",""
"passed","Fri Jun 28 00:01:33 EDT 2024","Fri Jun 28 00:01:37 EDT 2024","4086","Suite","Test","TestRunner.TestNGRunner","TestRunner.TestNGRunner","runScenario","Runs Cucumber Scenarios",""
"passed","Fri Jun 28 00:04:15 EDT 2024","Fri Jun 28 00:04:17 EDT 2024","1959","Suite","Test","TestRunner.TestNGRunner","TestRunner.TestNGRunner","runScenario","Runs Cucumber Scenarios",""
"passed","Fri Jun 28 00:01:58 EDT 2024","Fri Jun 28 00:02:00 EDT 2024","1621","Suite","Test","TestRunner.TestNGRunner","TestRunner.TestNGRunner","runScenario","Runs Cucumber Scenarios",""
"passed","Fri Jun 28 00:03:44 EDT 2024","Fri Jun 28 00:03:47 EDT 2024","2631","Suite","Test","TestRunner.TestNGRunner","TestRunner.TestNGRunner","runScenario","Runs Cucumber Scenarios",""
"passed","Fri Jun 28 00:04:29 EDT 2024","Fri Jun 28 00:04:32 EDT 2024","3008","Suite","Test","TestRunner.TestNGRunner","TestRunner.TestNGRunner","runScenario","Runs Cucumber Scenarios",""
"passed","Fri Jun 28 00:04:43 EDT 2024","Fri Jun 28 00:04:48 EDT 2024","5799","Suite","Test","TestRunner.TestNGRunner","TestRunner.TestNGRunner","runScenario","Runs Cucumber Scenarios",""
"passed","Fri Jun 28 00:02:04 EDT 2024","Fri Jun 28 00:02:05 EDT 2024","560","Suite","Test","TestRunner.TestNGRunner","TestRunner.TestNGRunner","runScenario","Runs Cucumber Scenarios",""
"passed","Fri Jun 28 00:02:08 EDT 2024","Fri Jun 28 00:02:08 EDT 2024","578","Suite","Test","TestRunner.TestNGRunner","TestRunner.TestNGRunner","runScenario","Runs Cucumber Scenarios",""
"passed","Fri Jun 28 00:02:13 EDT 2024","Fri Jun 28 00:02:41 EDT 2024","28531","Suite","Test","TestRunner.TestNGRunner","TestRunner.TestNGRunner","runScenario","Runs Cucumber Scenarios",""
"passed","Fri Jun 28 00:03:36 EDT 2024","Fri Jun 28 00:03:39 EDT 2024","2675","Suite","Test","TestRunner.TestNGRunner","TestRunner.TestNGRunner","runScenario","Runs Cucumber Scenarios",""
"passed","Fri Jun 28 00:01:17 EDT 2024","Fri Jun 28 00:01:33 EDT 2024","15347","Suite","Test","TestRunner.TestNGRunner","TestRunner.TestNGRunner","runScenario","Runs Cucumber Scenarios",""
"passed","Fri Jun 28 00:04:35 EDT 2024","Fri Jun 28 00:04:36 EDT 2024","154","Suite","Test","TestRunner.TestNGRunner","TestRunner.TestNGRunner","runScenario","Runs Cucumber Scenarios",""
"passed","Fri Jun 28 00:01:46 EDT 2024","Fri Jun 28 00:01:46 EDT 2024","12","Suite","Test","TestRunner.TestNGRunner","TestRunner.TestNGRunner","runScenario","Runs Cucumber Scenarios",""
"passed","Fri Jun 28 00:01:47 EDT 2024","Fri Jun 28 00:01:50 EDT 2024","2484","Suite","Test","TestRunner.TestNGRunner","TestRunner.TestNGRunner","runScenario","Runs Cucumber Scenarios",""
"passed","Fri Jun 28 00:04:40 EDT 2024","Fri Jun 28 00:04:42 EDT 2024","1764","Suite","Test","TestRunner.TestNGRunner","TestRunner.TestNGRunner","runScenario","Runs Cucumber Scenarios",""
"passed","Fri Jun 28 00:04:42 EDT 2024","Fri Jun 28 00:04:43 EDT 2024","151","Suite","Test","TestRunner.TestNGRunner","TestRunner.TestNGRunner","runScenario","Runs Cucumber Scenarios",""
"passed","Fri Jun 28 00:04:42 EDT 2024","Fri Jun 28 00:04:42 EDT 2024","230","Suite","Test","TestRunner.TestNGRunner","TestRunner.TestNGRunner","runScenario","Runs Cucumber Scenarios",""
"passed","Fri Jun 28 00:04:40 EDT 2024","Fri Jun 28 00:04:40 EDT 2024","176","Suite","Test","TestRunner.TestNGRunner","TestRunner.TestNGRunner","runScenario","Runs Cucumber Scenarios",""
"passed","Fri Jun 28 00:04:01 EDT 2024","Fri Jun 28 00:04:03 EDT 2024","2703","Suite","Test","TestRunner.TestNGRunner","TestRunner.TestNGRunner","runScenario","Runs Cucumber Scenarios",""
"passed","Fri Jun 28 00:01:50 EDT 2024","Fri Jun 28 00:01:52 EDT 2024","2418","Suite","Test","TestRunner.TestNGRunner","TestRunner.TestNGRunner","runScenario","Runs Cucumber Scenarios",""
"passed","Fri Jun 28 00:04:40 EDT 2024","Fri Jun 28 00:04:40 EDT 2024","63","Suite","Test","TestRunner.TestNGRunner","TestRunner.TestNGRunner","runScenario","Runs Cucumber Scenarios",""
"passed","Fri Jun 28 00:05:30 EDT 2024","Fri Jun 28 00:05:34 EDT 2024","3965","Suite","Test","TestRunner.TestNGRunner","TestRunner.TestNGRunner","runScenario","Runs Cucumber Scenarios",""
"passed","Fri Jun 28 00:04:42 EDT 2024","Fri Jun 28 00:04:42 EDT 2024","390","Suite","Test","TestRunner.TestNGRunner","TestRunner.TestNGRunner","runScenario","Runs Cucumber Scenarios",""
"passed","Fri Jun 28 00:04:40 EDT 2024","Fri Jun 28 00:04:40 EDT 2024","234","Suite","Test","TestRunner.TestNGRunner","TestRunner.TestNGRunner","runScenario","Runs Cucumber Scenarios",""
"passed","Fri Jun 28 00:02:41 EDT 2024","Fri Jun 28 00:02:47 EDT 2024","5773","Suite","Test","TestRunner.TestNGRunner","TestRunner.TestNGRunner","runScenario","Runs Cucumber Scenarios",""
"passed","Fri Jun 28 00:01:52 EDT 2024","Fri Jun 28 00:01:52 EDT 2024","224","Suite","Test","TestRunner.TestNGRunner","TestRunner.TestNGRunner","runScenario","Runs Cucumber Scenarios",""
